{
  "train_loss": [
    0.854139683951617,
    0.0023172420714979223,
    0.00028658981694722603,
    7.360712243124158e-05,
    5.21349143846407e-06
  ],
  "val_loss": [
    0.0,
    0.0,
    0.0,
    0.0,
    0.0
  ],
  "recall@10": [
    0.0,
    0.0,
    0.0001,
    0.0,
    0.0
  ],
  "recall@50": [
    0.0001,
    0.0001,
    0.0001,
    0.0001,
    0.0001
  ],
  "recall@100": [
    0.0001,
    0.0003,
    0.0001,
    0.0004,
    0.0005
  ],
  "recall@200": [
    0.0003,
    0.0006,
    0.0002,
    0.0007,
    0.0007
  ],
  "ndcg@10": [
    0.0,
    0.0,
    6.309297535714576e-05,
    0.0,
    0.0
  ],
  "ndcg@50": [
    2.7894294565112988e-05,
    1.8003132665669263e-05,
    6.309297535714576e-05,
    1.810425967800402e-05,
    1.854490234153689e-05
  ],
  "ndcg@100": [
    2.7894294565112988e-05,
    5.061596965535169e-05,
    6.309297535714576e-05,
    6.67659822437924e-05,
    8.123066566357391e-05
  ],
  "temperature": [
    0.049130186438560486,
    0.04003778100013733,
    0.03459084779024124,
    0.029666800051927567,
    0.028010012581944466
  ],
  "learning_rate": [
    0.0009999999994597893,
    0.0009931768528752274,
    0.0009729011819151206,
    0.0009397260540285318,
    0.0008945564002231028
  ],
  "epoch_time": [
    636.2449157238007,
    635.4513370990753,
    651.9487023353577,
    652.6931011676788,
    646.7368195056915
  ]
}